Date_Time,Maturity,Stock_Price,Strike_Price,Amount_Borrowed_from_Bank,r,Dividend_Yield,Vol,BSM_price,Call_Price,Delta,Wealth,Profit_without_Hedging,Profit_with_Hedging
24/10/2024 11:21,17/1/2025 11:59,139.79,140,59.99749855,0.0034,0.0003,0.377010192,10.08259253,14.7,0.534355094,14.7,0,0
24/10/2024 11:28,17/1/2025 11:59,139.63,140,59.69581193,0.0034,0.0003,0.377010192,10.0021733,14.68,0.53219446,14.61450047,0.02,-0.065499525
24/10/2024 11:37,17/1/2025 11:59,139.48,140,59.36788296,0.0034,0.0003,0.377010192,9.922158652,14.75,0.529843353,14.53466795,-0.05,-0.215332047
24/10/2024 11:52,17/1/2025 11:59,139.04,140,58.40634955,0.0034,0.0003,0.377010192,9.68993209,14.9,0.522927796,14.30153119,-0.2,-0.598468807
24/10/2024 11:57,17/1/2025 11:59,139.33,140,59.04148832,0.0034,0.0003,0.377010192,9.842033084,14.8,0.527486304,14.45317835,-0.1,-0.346821648
24/10/2024 12:02,17/1/2025 11:59,139.56,140,59.54475334,0.0034,0.0003,0.377010192,9.963565722,14.89,0.531092374,14.57449833,-0.19,-0.315501669
24/10/2024 12:07,17/1/2025 11:59,139.2,140,58.75820626,0.0034,0.0003,0.377010192,9.773178686,14.85,0.525441878,14.38330313,-0.15,-0.466696869
24/10/2024 12:10,17/1/2025 11:59,139.3,140,58.97701511,0.0034,0.0003,0.377010192,9.82567937,14.7,0.527012644,14.4358462,0,-0.264153796
24/10/2024 12:17,17/1/2025 11:59,138.99,140,58.29905966,0.0034,0.0003,0.377010192,9.662766532,14.79,0.522134896,14.27246958,-0.09,-0.517530418
24/10/2024 12:22,17/1/2025 11:59,139.25,140,58.86856631,0.0034,0.0003,0.377010192,9.798845574,14.55,0.526224697,14.40822277,0.15,-0.141777231
24/10/2024 12:25,17/1/2025 11:59,139.24,140,58.84660555,0.0034,0.0003,0.377010192,9.793466911,14.55,0.526066971,14.40295945,0.15,-0.14704055
24/10/2024 12:30,17/1/2025 11:59,139.42,140,59.24053117,0.0034,0.0003,0.377010192,9.888203797,14.75,0.528892417,14.49764959,-0.05,-0.252350412
24/10/2024 12:35,17/1/2025 11:59,139.67,140,59.7875217,0.0034,0.0003,0.377010192,10.02070898,14.74,0.53280871,14.62987078,-0.04,-0.110129217
24/10/2024 12:40,17/1/2025 11:59,139.65,140,59.74368804,0.0034,0.0003,0.377010192,10.00984749,14.55,0.532494814,14.61921268,0.15,0.069212675
24/10/2024 12:45,17/1/2025 11:59,139.66,140,59.76542697,0.0034,0.0003,0.377010192,10.01496684,14.5,0.532650456,14.62453571,0.2,0.12453571
24/10/2024 12:52,17/1/2025 11:59,139.66,140,59.76525302,0.0034,0.0003,0.377010192,10.01466803,14.51,0.532649191,14.62453294,0.19,0.11453294
24/10/2024 12:57,17/1/2025 11:59,139.62,140,59.67770105,0.0034,0.0003,0.377010192,9.993166835,14.6,0.532022104,14.60322505,0.1,0.003225045
24/10/2024 13:00,17/1/2025 11:59,139.47,140,59.34979316,0.0034,0.0003,0.377010192,9.913421033,14.69,0.529670996,14.52342063,0.01,-0.166579371
24/10/2024 13:07,17/1/2025 11:59,139.92,140,60.3347847,0.0034,0.0003,0.377010192,10.15305857,14.75,0.536710653,14.76176982,-0.05,0.01176982
24/10/2024 13:10,17/1/2025 11:59,139.82,140,60.11634995,0.0034,0.0003,0.377010192,10.09934805,14.8,0.535148388,14.70809766,-0.1,-0.091902345
24/10/2024 13:15,17/1/2025 11:59,139.73,140,59.91962303,0.0034,0.0003,0.377010192,10.05103736,14.8,0.533740466,14.65993234,-0.1,-0.140067664
24/10/2024 13:20,17/1/2025 11:59,139.64,140,59.72282987,0.0034,0.0003,0.377010192,10.00285492,14.9,0.532331163,14.61189375,-0.2,-0.28810625
24/10/2024 13:32,17/1/2025 11:59,139.54,140,59.50393764,0.0034,0.0003,0.377010192,9.949195794,14.78,0.53076246,14.55865596,-0.08,-0.221344041
24/10/2024 13:35,17/1/2025 11:59,139.54,140,59.50386077,0.0034,0.0003,0.377010192,9.949069364,14.85,0.5307619,14.55865479,-0.15,-0.291345209
24/10/2024 13:40,17/1/2025 11:59,139.63,140,59.70061851,0.0034,0.0003,0.377010192,9.996699857,15,0.532171023,14.6064215,-0.3,-0.393578498
24/10/2024 13:47,17/1/2025 11:59,139.74,140,59.9410203,0.0034,0.0003,0.377010192,10.05503231,14.8,0.533891354,14.66495753,-0.1,-0.135042472
24/10/2024 13:50,17/1/2025 11:59,139.53,140,59.48211167,0.0034,0.0003,0.377010192,9.943138718,14.8,0.530602386,14.55283921,-0.1,-0.247160788
24/10/2024 13:57,17/1/2025 11:59,139.52,140,59.46005862,0.0034,0.0003,0.377010192,9.937538938,14.6,0.530444303,14.54753047,0.1,-0.052469531
24/10/2024 14:07,17/1/2025 11:59,139.54,140,59.50355757,0.0034,0.0003,0.377010192,9.947736887,14.8,0.530756006,14.55813553,-0.1,-0.241864465
24/10/2024 14:10,17/1/2025 11:59,139.48,140,59.37225605,0.0034,0.0003,0.377010192,9.915800975,14.8,0.529814634,14.52628908,-0.1,-0.273710923
24/10/2024 14:15,17/1/2025 11:59,139.72,140,59.89746987,0.0034,0.0003,0.377010192,10.04319509,14.9,0.533573665,14.65344263,-0.2,-0.246557369
24/10/2024 14:20,17/1/2025 11:59,139.82,140,60.11602112,0.0034,0.0003,0.377010192,10.09642546,14.8,0.535136742,14.70679809,-0.1,-0.093201908
24/10/2024 14:25,17/1/2025 11:59,140.03,140,60.57504896,0.0034,0.0003,0.377010192,10.20894042,14.74,0.538414796,14.81917487,-0.04,0.07917487
24/10/2024 14:30,17/1/2025 11:59,139.88,140,60.24743613,0.0034,0.0003,0.377010192,10.12814571,14.7,0.536072682,14.7384107,0,0.038410698
24/10/2024 14:35,17/1/2025 11:59,139.68,140,59.81044493,0.0034,0.0003,0.377010192,10.02103316,14.75,0.532944152,14.63119419,-0.05,-0.118805807
24/10/2024 14:40,17/1/2025 11:59,139.66,140,59.76658979,0.0034,0.0003,0.377010192,10.01016607,14.7,0.532630124,14.62053335,0,-0.07946665
24/10/2024 14:47,17/1/2025 11:59,139.82,140,60.11643635,0.0034,0.0003,0.377010192,10.09529223,14.85,0.535132226,14.70575144,-0.15,-0.144248562
24/10/2024 14:52,17/1/2025 11:59,139.94,140,60.37867674,0.0034,0.0003,0.377010192,10.1594118,14.8,0.53700616,14.76996536,-0.1,-0.03003464
24/10/2024 14:57,17/1/2025 11:59,139.83,140,60.13827012,0.0034,0.0003,0.377010192,10.10022202,14.95,0.535286868,14.71089268,-0.25,-0.239107316
24/10/2024 15:02,17/1/2025 11:59,139.8,140,60.07258609,0.0034,0.0003,0.377010192,10.08396383,14.8,0.534817012,14.69483215,-0.1,-0.105167847
24/10/2024 15:05,17/1/2025 11:59,139.77,140,60.00694314,0.0034,0.0003,0.377010192,10.06781019,14.8,0.534347354,14.67878656,-0.1,-0.121213439
24/10/2024 15:10,17/1/2025 11:59,139.93,140,60.3567467,0.0034,0.0003,0.377010192,10.15329915,14.78,0.536847187,14.76428022,-0.08,-0.015719784
24/10/2024 15:15,17/1/2025 11:59,140.24,140,61.03438931,0.0034,0.0003,0.377010192,10.32026013,14.78,0.541679194,14.93070087,-0.08,0.150700872
24/10/2024 15:20,17/1/2025 11:59,140.31,140,61.18708943,0.0034,0.0003,0.377010192,10.3580032,14.78,0.542767485,14.96861641,-0.08,0.188616409
24/10/2024 15:32,17/1/2025 11:59,140.72,140,62.08200752,0.0034,0.0003,0.377010192,10.58133623,14.9,0.549127017,15.19114629,-0.2,0.291146288
24/10/2024 15:35,17/1/2025 11:59,140.79,140,62.23444101,0.0034,0.0003,0.377010192,10.61969436,14.81,0.55020971,15.22958404,-0.11,0.419584042
24/10/2024 15:40,17/1/2025 11:59,140.5,140,61.60315041,0.0034,0.0003,0.377010192,10.46057675,14.9,0.545716524,15.07002123,-0.2,0.170021226
24/10/2024 15:45,17/1/2025 11:59,140.54,140,61.69028557,0.0034,0.0003,0.377010192,10.48220785,15.05,0.546336512,15.09184789,-0.35,0.041847888
24/10/2024 15:52,17/1/2025 11:59,140.51,140,61.62476945,0.0034,0.0003,0.377010192,10.46552689,15.1,0.545870219,15.07545495,-0.4,-0.024545047
24/10/2024 15:57,17/1/2025 11:59,140.47,140,61.53747451,0.0034,0.0003,0.377010192,10.44349456,15.2,0.545248755,15.05361814,-0.5,-0.146381856
24/10/2024 16:00,17/1/2025 11:59,140.41,140,61.40658807,0.0034,0.0003,0.377010192,10.41068834,15.26,0.544316574,15.02090208,-0.56,-0.239097916
24/10/2024 16:07,17/1/2025 11:59,140.41,140,61.4064611,0.0034,0.0003,0.377010192,10.41038708,15.38,0.544315649,15.02089922,-0.68,-0.359100776
24/10/2024 16:10,17/1/2025 11:59,140.41,140,61.40641173,0.0034,0.0003,0.377010192,10.41026992,15.3,0.54431529,15.02089811,-0.6,-0.279101888
24/10/2024 16:15,17/1/2025 11:59,140.41,140,61.40632385,0.0034,0.0003,0.377010192,10.4100614,15.23,0.54431465,15.02089613,-0.53,-0.209103867
24/10/2024 16:20,17/1/2025 11:59,140.41,140,61.40623508,0.0034,0.0003,0.377010192,10.40985078,15.3,0.544314003,15.02089413,-0.6,-0.279105867
24/10/2024 16:25,17/1/2025 11:59,140.41,140,61.4061472,0.0034,0.0003,0.377010192,10.40964225,15.2,0.544313363,15.02089215,-0.5,-0.179107846
24/10/2024 16:30,17/1/2025 11:59,140.41,140,61.40605872,0.0034,0.0003,0.377010192,10.40943233,15.15,0.544312719,15.02089016,-0.45,-0.129109839
24/10/2024 16:35,17/1/2025 11:59,140.41,140,61.40597054,0.0034,0.0003,0.377010192,10.40922309,15.15,0.544312077,15.02088817,-0.45,-0.129111825
24/10/2024 16:42,17/1/2025 11:59,140.41,140,61.40584444,0.0034,0.0003,0.377010192,10.40892388,15.15,0.544311159,15.02088533,-0.45,-0.129114665
24/10/2024 16:47,17/1/2025 11:59,140.41,140,61.40575567,0.0034,0.0003,0.377010192,10.40871324,15.15,0.544310512,15.02088334,-0.45,-0.129116665
24/10/2024 16:52,17/1/2025 11:59,140.41,140,61.40566778,0.0034,0.0003,0.377010192,10.40850469,15.15,0.544309872,15.02088136,-0.45,-0.129118644
24/10/2024 16:55,17/1/2025 11:59,140.41,140,61.40561722,0.0034,0.0003,0.377010192,10.40838471,15.15,0.544309504,15.02088022,-0.45,-0.129119783
24/10/2024 17:00,17/1/2025 11:59,140.41,140,61.40552933,0.0034,0.0003,0.377010192,10.40817616,15.15,0.544308864,15.02087824,-0.45,-0.129121762
24/10/2024 17:07,17/1/2025 11:59,140.41,140,61.40539764,0.0034,0.0003,0.377010192,10.40786366,15.15,0.544307905,15.02087527,-0.45,-0.129124728
24/10/2024 17:12,17/1/2025 11:59,140.41,140,61.40531504,0.0034,0.0003,0.377010192,10.40766765,15.15,0.544307303,15.02087341,-0.45,-0.129126588
24/10/2024 17:15,17/1/2025 11:59,140.41,140,61.40526506,0.0034,0.0003,0.377010192,10.40754906,15.15,0.544306939,15.02087229,-0.45,-0.129127714
24/10/2024 17:20,17/1/2025 11:59,140.41,140,61.40517687,0.0034,0.0003,0.377010192,10.40733979,15.15,0.544306297,15.0208703,-0.45,-0.1291297
24/10/2024 17:25,17/1/2025 11:59,140.41,140,61.40508868,0.0034,0.0003,0.377010192,10.40713051,15.15,0.544305655,15.02086831,-0.45,-0.129131686
24/10/2024 17:32,17/1/2025 11:59,140.41,140,61.40496168,0.0034,0.0003,0.377010192,10.40682914,15.15,0.54430473,15.02086545,-0.45,-0.129134546
24/10/2024 17:35,17/1/2025 11:59,140.41,140,61.40491171,0.0034,0.0003,0.377010192,10.40671055,15.15,0.544304366,15.02086433,-0.45,-0.129135672
24/10/2024 17:42,17/1/2025 11:59,140.41,140,61.40478647,0.0034,0.0003,0.377010192,10.40641335,15.15,0.544303454,15.02086151,-0.45,-0.129138492
24/10/2024 17:45,17/1/2025 11:59,140.41,140,61.40473649,0.0034,0.0003,0.377010192,10.40629475,15.15,0.54430309,15.02086038,-0.45,-0.129139617
24/10/2024 17:52,17/1/2025 11:59,140.41,140,61.4046089,0.0034,0.0003,0.377010192,10.40599196,15.15,0.544302161,15.02085751,-0.45,-0.12914249
24/10/2024 17:57,17/1/2025 11:59,140.41,140,61.40452159,0.0034,0.0003,0.377010192,10.40578475,15.15,0.544301525,15.02085554,-0.45,-0.129144457
24/10/2024 18:02,17/1/2025 11:59,140.41,140,61.40443397,0.0034,0.0003,0.377010192,10.40557684,15.15,0.544300887,15.02085357,-0.45,-0.129146429
24/10/2024 18:07,17/1/2025 11:59,140.41,140,61.4043446,0.0034,0.0003,0.377010192,10.40536473,15.15,0.544300236,15.02085156,-0.45,-0.129148442
24/10/2024 18:12,17/1/2025 11:59,140.41,140,61.4042561,0.0034,0.0003,0.377010192,10.40515472,15.15,0.544299592,15.02084957,-0.45,-0.129150435
24/10/2024 18:15,17/1/2025 11:59,140.41,140,61.4042073,0.0034,0.0003,0.377010192,10.40503889,15.15,0.544299236,15.02084847,-0.45,-0.129151534
24/10/2024 18:20,17/1/2025 11:59,140.41,140,61.4041185,0.0034,0.0003,0.377010192,10.40482817,15.15,0.54429859,15.02084647,-0.45,-0.129153533
24/10/2024 18:27,17/1/2025 11:59,140.41,140,61.40399149,0.0034,0.0003,0.377010192,10.40452674,15.15,0.544297665,15.02084361,-0.45,-0.129156393
24/10/2024 18:32,17/1/2025 11:59,140.41,140,61.40390387,0.0034,0.0003,0.377010192,10.4043188,15.15,0.544297027,15.02084163,-0.45,-0.129158366
24/10/2024 18:37,17/1/2025 11:59,140.41,140,61.40381596,0.0034,0.0003,0.377010192,10.40411016,15.15,0.544296386,15.02083966,-0.45,-0.129160345
24/10/2024 18:40,17/1/2025 11:59,140.41,140,61.40376568,0.0034,0.0003,0.377010192,10.40399083,15.15,0.54429602,15.02083852,-0.45,-0.129161477
24/10/2024 18:45,17/1/2025 11:59,140.41,140,61.40367894,0.0034,0.0003,0.377010192,10.40378497,15.15,0.544295389,15.02083657,-0.45,-0.12916343
24/10/2024 18:50,17/1/2025 11:59,140.41,140,61.40358897,0.0034,0.0003,0.377010192,10.40357144,15.15,0.544294733,15.02083454,-0.45,-0.129165456
24/10/2024 18:57,17/1/2025 11:59,140.41,140,61.40346282,0.0034,0.0003,0.377010192,10.40327206,15.15,0.544293815,15.0208317,-0.45,-0.129168296
24/10/2024 19:00,17/1/2025 11:59,140.41,140,61.40341225,0.0034,0.0003,0.377010192,10.40315203,15.15,0.544293446,15.02083057,-0.45,-0.129169434
24/10/2024 19:05,17/1/2025 11:59,140.41,140,61.40332462,0.0034,0.0003,0.377010192,10.40294406,15.15,0.544292808,15.02082859,-0.45,-0.129171407
24/10/2024 19:10,17/1/2025 11:59,140.41,140,61.40323612,0.0034,0.0003,0.377010192,10.40273399,15.15,0.544292164,15.0208266,-0.45,-0.1291734
24/10/2024 19:15,17/1/2025 11:59,140.41,140,61.40314849,0.0034,0.0003,0.377010192,10.40252602,15.15,0.544291526,15.02082463,-0.45,-0.129175373
24/10/2024 19:20,17/1/2025 11:59,140.41,140,61.40305998,0.0034,0.0003,0.377010192,10.40231594,15.15,0.544290881,15.02082263,-0.45,-0.129177365
24/10/2024 19:27,17/1/2025 11:59,140.41,140,61.40293412,0.0034,0.0003,0.377010192,10.40201723,15.15,0.544289965,15.0208198,-0.45,-0.129180199
24/10/2024 19:32,17/1/2025 11:59,140.41,140,61.40284443,0.0034,0.0003,0.377010192,10.40180435,15.15,0.544289311,15.02081778,-0.45,-0.129182218
24/10/2024 19:35,17/1/2025 11:59,140.41,140,61.40279473,0.0034,0.0003,0.377010192,10.40168639,15.15,0.544288949,15.02081666,-0.45,-0.129183337
24/10/2024 19:40,17/1/2025 11:59,140.41,140,61.4027068,0.0034,0.0003,0.377010192,10.4014777,15.15,0.544288309,15.02081468,-0.45,-0.129185316
24/10/2024 19:45,17/1/2025 11:59,140.41,140,61.40261917,0.0034,0.0003,0.377010192,10.4012697,15.15,0.544287671,15.02081271,-0.45,-0.129187289
24/10/2024 19:50,17/1/2025 11:59,140.41,140,61.40253006,0.0034,0.0003,0.377010192,10.4010582,15.15,0.544287022,15.02081071,-0.45,-0.129189295
24/10/2024 19:57,17/1/2025 11:59,140.41,140,61.4023989,0.0034,0.0003,0.377010192,10.40074688,15.15,0.544286067,15.02080775,-0.45,-0.129192247
24/10/2024 20:00,17/1/2025 11:59,140.41,140,61.4023542,0.0034,0.0003,0.377010192,10.40064078,15.15,0.544285741,15.02080675,-0.45,-0.129193253
24/10/2024 20:07,17/1/2025 11:59,140.41,140,61.40222745,0.0034,0.0003,0.377010192,10.40033992,15.15,0.544284818,15.02080389,-0.45,-0.129196107
24/10/2024 20:10,17/1/2025 11:59,140.41,140,61.40217539,0.0034,0.0003,0.377010192,10.40021636,15.15,0.544284439,15.02080272,-0.45,-0.129197278
24/10/2024 20:17,17/1/2025 11:59,140.41,140,61.4020504,0.0034,0.0003,0.377010192,10.39991968,15.15,0.544283529,15.02079991,-0.45,-0.129200092
24/10/2024 20:20,17/1/2025 11:59,140.41,140,61.4020007,0.0034,0.0003,0.377010192,10.3998017,15.15,0.544283167,15.02079879,-0.45,-0.129201211
24/10/2024 20:25,17/1/2025 11:59,140.41,140,61.40191188,0.0034,0.0003,0.377010192,10.39959087,15.15,0.54428252,15.02079679,-0.45,-0.12920321
24/10/2024 20:30,17/1/2025 11:59,140.41,140,61.40182453,0.0034,0.0003,0.377010192,10.39938353,15.15,0.544281884,15.02079482,-0.45,-0.129205176
24/10/2024 20:35,17/1/2025 11:59,140.41,140,61.40173659,0.0034,0.0003,0.377010192,10.39917479,15.15,0.544281244,15.02079284,-0.45,-0.129207155
24/10/2024 20:40,17/1/2025 11:59,140.41,140,61.40164865,0.0034,0.0003,0.377010192,10.39896604,15.15,0.544280603,15.02079087,-0.45,-0.129209135
24/10/2024 20:45,17/1/2025 11:59,140.41,140,61.40156012,0.0034,0.0003,0.377010192,10.39875589,15.15,0.544279959,15.02078887,-0.45,-0.129211127
24/10/2024 20:52,17/1/2025 11:59,140.41,140,61.40143394,0.0034,0.0003,0.377010192,10.39845637,15.15,0.54427904,15.02078603,-0.45,-0.129213967
24/10/2024 20:57,17/1/2025 11:59,140.41,140,61.401346,0.0034,0.0003,0.377010192,10.39824761,15.15,0.544278399,15.02078405,-0.45,-0.129215947
24/10/2024 21:00,17/1/2025 11:59,140.41,140,61.40129541,0.0034,0.0003,0.377010192,10.39812752,15.15,0.544278031,15.02078291,-0.45,-0.129217085
24/10/2024 21:06,17/1/2025 11:59,140.41,140,61.40118687,0.0034,0.0003,0.377010192,10.39786988,15.15,0.544277241,15.02078047,-0.45,-0.129219528
24/10/2024 21:12,17/1/2025 11:59,140.41,140,61.40108098,0.0034,0.0003,0.377010192,10.39761851,15.15,0.544276469,15.02077809,-0.45,-0.129221911
24/10/2024 21:15,17/1/2025 11:59,140.41,140,61.40102862,0.0034,0.0003,0.377010192,10.39749422,15.15,0.544276088,15.02077691,-0.45,-0.129223089
24/10/2024 21:20,17/1/2025 11:59,140.41,140,61.40093979,0.0034,0.0003,0.377010192,10.39728334,15.15,0.544275441,15.02077491,-0.45,-0.129225089
24/10/2024 21:27,17/1/2025 11:59,140.41,140,61.40081713,0.0034,0.0003,0.377010192,10.39699216,15.15,0.544274548,15.02077215,-0.45,-0.129227849
24/10/2024 21:30,17/1/2025 11:59,140.41,140,61.40076389,0.0034,0.0003,0.377010192,10.39686577,15.15,0.54427416,15.02077095,-0.45,-0.129229047
24/10/2024 21:35,17/1/2025 11:59,140.41,140,61.40067652,0.0034,0.0003,0.377010192,10.39665837,15.15,0.544273524,15.02076899,-0.45,-0.129231013
25/10/2024 10:47,17/1/2025 11:59,143.32,140,67.76932443,0.0034,0.0003,0.377992942,12.03853865,16.55,0.58870789,16.60429031,-1.85,0.054290308
25/10/2024 10:52,17/1/2025 11:59,143.39,140,67.91949759,0.0034,0.0003,0.377992942,12.0795687,16.59,0.58975518,16.64549762,-1.89,0.055497617
25/10/2024 11:02,17/1/2025 11:59,143.37,140,67.87671354,0.0034,0.0003,0.377992942,12.06735411,16.9,0.589456732,16.63369812,-2.2,-0.26630188
25/10/2024 11:07,17/1/2025 11:59,143.72,140,68.62692679,0.0034,0.0003,0.377992942,12.27436922,16.8,0.594676681,16.8400058,-2.1,0.040005803
25/10/2024 11:12,17/1/2025 11:59,143.55,140,68.26356246,0.0034,0.0003,0.377992942,12.17327879,16.85,0.592145392,16.73890855,-2.15,-0.111091445
25/10/2024 11:17,17/1/2025 11:59,143.83,140,68.86284126,0.0034,0.0003,0.377992942,12.33945633,16.75,0.596311954,16.9047071,-2.05,0.154707101
25/10/2024 11:22,17/1/2025 11:59,144.06,140,69.35388371,0.0034,0.0003,0.377992942,12.47678857,16.75,0.599720535,17.04185662,-2.05,0.291856615
25/10/2024 11:27,17/1/2025 11:59,144.1,140,69.43918005,0.0034,0.0003,0.377992942,12.50057966,16.75,0.600312445,17.06584321,-2.05,0.315843209
25/10/2024 11:30,17/1/2025 11:59,143.82,140,68.84263561,0.0034,0.0003,0.377992942,12.33295284,16.75,0.596164581,16.89775445,-2.05,0.147754451
25/10/2024 11:35,17/1/2025 11:59,143.76,140,68.71455374,0.0034,0.0003,0.377992942,12.29699787,16.75,0.595273623,16.86198234,-2.05,0.111982343
25/10/2024 11:40,17/1/2025 11:59,143.46,140,68.07335372,0.0034,0.0003,0.377992942,12.11887518,16.77,0.590804069,16.68339804,-2.07,-0.08660196
25/10/2024 11:47,17/1/2025 11:59,143.82,140,68.84451717,0.0034,0.0003,0.377992942,12.33222732,17.05,0.596166051,16.89608434,-2.35,-0.153915658
25/10/2024 11:50,17/1/2025 11:59,143.8,140,68.80183595,0.0034,0.0003,0.377992942,12.32019226,17.17,0.595869233,16.88415981,-2.47,-0.285840189
25/10/2024 11:55,17/1/2025 11:59,143.49,140,68.13945644,0.0034,0.0003,0.377992942,12.13597229,17.25,0.591253011,16.69943808,-2.55,-0.550561921
25/10/2024 12:02,17/1/2025 11:59,143.71,140,68.61072347,0.0034,0.0003,0.377992942,12.26610614,17.11,0.594532281,16.82951058,-2.41,-0.280489418
25/10/2024 12:05,17/1/2025 11:59,143.68,140,68.54661343,0.0034,0.0003,0.377992942,12.24815649,17.15,0.594086072,16.81167335,-2.45,-0.338326651
25/10/2024 12:10,17/1/2025 11:59,143.7,140,68.58944356,0.0034,0.0003,0.377992942,12.25983071,17.1,0.594384109,16.82355286,-2.4,-0.276447139
25/10/2024 12:17,17/1/2025 11:59,143.51,140,68.18315817,0.0034,0.0003,0.377992942,12.1468659,17.02,0.591553027,16.71061672,-2.32,-0.309383277
25/10/2024 12:20,17/1/2025 11:59,143.34,140,67.81898144,0.0034,0.0003,0.377992942,12.04639519,17.2,0.589012368,16.61005143,-2.5,-0.589948571
25/10/2024 12:27,17/1/2025 11:59,143.4,140,67.94775467,0.0034,0.0003,0.377992942,12.08146,16.95,0.589910347,16.64538903,-2.25,-0.304610973
25/10/2024 12:32,17/1/2025 11:59,143.46,140,68.07644674,0.0034,0.0003,0.377992942,12.11667235,17,0.59080739,16.68078147,-2.3,-0.319218528
25/10/2024 12:35,17/1/2025 11:59,143.54,140,68.24791227,0.0034,0.0003,0.377992942,12.16386148,17.05,0.59200193,16.72804478,-2.35,-0.321955221
25/10/2024 12:42,17/1/2025 11:59,143.35,140,67.84099493,0.0034,0.0003,0.377992942,12.0513506,16.96,0.58916328,16.61556128,-2.26,-0.344438722
25/10/2024 12:45,17/1/2025 11:59,143.49,140,68.14132206,0.0034,0.0003,0.377992942,12.13385958,16.9,0.591256289,16.69804289,-2.2,-0.201957114
25/10/2024 12:50,17/1/2025 11:59,143.21,140,67.54126837,0.0034,0.0003,0.377992942,11.96868336,16.7,0.587066247,16.53248893,-2,-0.167511072
25/10/2024 12:57,17/1/2025 11:59,143.39,140,67.92790008,0.0034,0.0003,0.377992942,12.07429653,16.88,0.58976259,16.63815774,-2.18,-0.241842264
25/10/2024 13:07,17/1/2025 11:59,143.49,140,68.14244416,0.0034,0.0003,0.377992942,12.1329228,16.8,0.591257744,16.69712958,-2.1,-0.102870421
25/10/2024 13:10,17/1/2025 11:59,143.43,140,68.01389253,0.0034,0.0003,0.377992942,12.09735517,16.8,0.590361468,16.66165287,-2.1,-0.138347127
25/10/2024 13:15,17/1/2025 11:59,143.25,140,67.62795053,0.0034,0.0003,0.377992942,11.9911197,16.8,0.587667268,16.55538559,-2.1,-0.244614406
25/10/2024 13:20,17/1/2025 11:59,143.15,140,67.41322914,0.0034,0.0003,0.377992942,11.93221726,16.75,0.586167278,16.49661669,-2.05,-0.253383313
25/10/2024 13:27,17/1/2025 11:59,142.65,140,66.33830718,0.0034,0.0003,0.377992942,11.6407134,16.7,0.578631876,16.20352994,-2,-0.496470062
25/10/2024 13:30,17/1/2025 11:59,142.51,140,66.03618249,0.0034,0.0003,0.377992942,11.55973203,16.7,0.576511843,16.12252024,-2,-0.577479755
25/10/2024 13:35,17/1/2025 11:59,142.32,140,65.6257122,0.0034,0.0003,0.377992942,11.45025784,16.78,0.573627692,16.01298087,-2.08,-0.767019134
25/10/2024 13:42,17/1/2025 11:59,142.4,140,65.79877892,0.0034,0.0003,0.377992942,11.4958921,16.8,0.574843026,16.05886802,-2.1,-0.741131975
25/10/2024 13:45,17/1/2025 11:59,141.59,140,64.04750296,0.0034,0.0003,0.377992942,11.03515009,16.8,0.562474376,15.59324397,-2.1,-1.206756025
25/10/2024 13:52,17/1/2025 11:59,142.18,140,65.33037643,0.0034,0.0003,0.377992942,11.36937285,16.4,0.571497238,15.92510089,-1.7,-0.474899106
25/10/2024 13:57,17/1/2025 11:59,141.95,140,64.83226811,0.0034,0.0003,0.377992942,11.23811678,16.45,0.567988182,15.79365438,-1.75,-0.656345619
25/10/2024 14:00,17/1/2025 11:59,141.7,140,64.29001382,0.0034,0.0003,0.377992942,11.0964815,16.3,0.564161397,15.65165618,-1.6,-0.648343818
25/10/2024 14:05,17/1/2025 11:59,141.84,140,64.59417196,0.0034,0.0003,0.377992942,11.17540137,16.3,0.566305758,15.73063668,-1.6,-0.569363315
25/10/2024 14:10,17/1/2025 11:59,141.28,140,63.3788002,0.0034,0.0003,0.377992942,10.86046519,16.24,0.557703168,15.41350338,-1.54,-0.826496622
25/10/2024 14:17,17/1/2025 11:59,141.42,140,63.68371216,0.0034,0.0003,0.377992942,10.93839165,15.95,0.559859221,15.49157888,-1.25,-0.458421116
25/10/2024 14:20,17/1/2025 11:59,141.54,140,63.94488687,0.0034,0.0003,0.377992942,11.0055657,15.95,0.561704449,15.55876082,-1.25,-0.391239177
25/10/2024 14:25,17/1/2025 11:59,141.46,140,63.77085638,0.0034,0.0003,0.377992942,10.96046713,16.1,0.560474189,15.5138224,-1.4,-0.586177601
25/10/2024 14:30,17/1/2025 11:59,141.94,140,64.81556023,0.0034,0.0003,0.377992942,11.231053,15.95,0.567834354,15.78284796,-1.25,-0.167152039
25/10/2024 14:35,17/1/2025 11:59,141.88,140,64.68536754,0.0034,0.0003,0.377992942,11.19679753,15.85,0.566916714,15.74877579,-1.15,-0.101224211
25/10/2024 14:40,17/1/2025 11:59,141.96,140,64.8589864,0.0034,0.0003,0.377992942,11.24198827,15.83,0.568139711,15.79412703,-1.13,-0.035872966
25/10/2024 14:45,17/1/2025 11:59,141.96,140,64.85896742,0.0034,0.0003,0.377992942,11.24177603,15.7,0.568139563,15.79412493,-1,0.094124929
25/10/2024 14:50,17/1/2025 11:59,142.26,140,65.50979606,0.0034,0.0003,0.377992942,11.41269306,15.7,0.572714472,15.9645647,-1,0.2645647
25/10/2024 14:57,17/1/2025 11:59,142.15,140,65.27163768,0.0034,0.0003,0.377992942,11.34948686,15.8,0.571039049,15.90156311,-1.1,0.101563107
25/10/2024 15:00,17/1/2025 11:59,141.88,140,64.6866389,0.0034,0.0003,0.377992942,11.1957392,16,0.566915846,15.74738133,-1.3,-0.252618668
25/10/2024 15:05,17/1/2025 11:59,141.92,140,64.7734455,0.0034,0.0003,0.377992942,11.21821793,15.9,0.56752749,15.77005589,-1.2,-0.129944113
25/10/2024 15:12,17/1/2025 11:59,142.05,140,65.05554818,0.0034,0.0003,0.377992942,11.2918245,16,0.569513408,15.84383148,-1.3,-0.156168521
25/10/2024 15:17,17/1/2025 11:59,141.79,140,64.49178893,0.0034,0.0003,0.377992942,11.1440511,15.9,0.565537378,15.69575584,-1.2,-0.20424416
25/10/2024 15:22,17/1/2025 11:59,141.92,140,64.77414915,0.0034,0.0003,0.377992942,11.21748806,16.09,0.567526936,15.76927361,-1.39,-0.320726394
25/10/2024 15:27,17/1/2025 11:59,141.88,140,64.68731589,0.0034,0.0003,0.377992942,11.19458696,16.09,0.566914902,15.74657043,-1.39,-0.343429573
25/10/2024 15:30,17/1/2025 11:59,141.93,140,64.79585123,0.0034,0.0003,0.377992942,11.22283546,16,0.567679604,15.77491502,-1.3,-0.225084979
25/10/2024 15:37,17/1/2025 11:59,142.16,140,65.29500339,0.0034,0.0003,0.377992942,11.35350319,16,0.571190783,15.90547833,-1.3,-0.094521667
25/10/2024 15:40,17/1/2025 11:59,142.06,140,65.07830761,0.0034,0.0003,0.377992942,11.29633764,16,0.569665392,15.84835803,-1.3,-0.15164197
25/10/2024 15:47,17/1/2025 11:59,142.03,140,65.01323328,0.0034,0.0003,0.377992942,11.27895408,15.95,0.569207198,15.83126508,-1.25,-0.118734921
25/10/2024 15:50,17/1/2025 11:59,141.73,140,64.36258303,0.0034,0.0003,0.377992942,11.10875876,15.93,0.564616417,15.66050171,-1.23,-0.269498286
25/10/2024 15:55,17/1/2025 11:59,141.54,140,63.94966764,0.0034,0.0003,0.377992942,11.00154855,15.91,0.561699097,15.55322253,-1.21,-0.356777473
25/10/2024 16:02,17/1/2025 11:59,141.54,140,63.94961335,0.0034,0.0003,0.377992942,11.00124467,15.9,0.561698692,15.55321956,-1.2,-0.346780445
25/10/2024 16:05,17/1/2025 11:59,141.54,140,63.94959181,0.0034,0.0003,0.377992942,11.00112411,16,0.561698532,15.55321838,-1.3,-0.446781624
25/10/2024 16:10,17/1/2025 11:59,141.54,140,63.94955415,0.0034,0.0003,0.377992942,11.0009133,16,0.561698251,15.55321631,-1.3,-0.446783685
25/10/2024 16:15,17/1/2025 11:59,141.54,140,63.94951637,0.0034,0.0003,0.377992942,11.00070177,16.02,0.56169797,15.55321425,-1.32,-0.466785753
25/10/2024 16:20,17/1/2025 11:59,141.54,140,63.94947834,0.0034,0.0003,0.377992942,11.00048884,16,0.561697686,15.55321216,-1.3,-0.446787836
25/10/2024 16:25,17/1/2025 11:59,141.54,140,63.94944082,0.0034,0.0003,0.377992942,11.00027871,15.8,0.561697407,15.55321011,-1.1,-0.24678989
25/10/2024 16:32,17/1/2025 11:59,141.54,140,63.94938692,0.0034,0.0003,0.377992942,10.99997692,15.65,0.561697005,15.55320716,-0.95,-0.096792841
25/10/2024 16:37,17/1/2025 11:59,141.54,140,63.94934902,0.0034,0.0003,0.377992942,10.99976467,15.75,0.561696723,15.55320508,-1.05,-0.196794916
25/10/2024 16:40,17/1/2025 11:59,141.54,140,63.94932749,0.0034,0.0003,0.377992942,10.99964409,15.75,0.561696562,15.5532039,-1.05,-0.196796095
25/10/2024 16:45,17/1/2025 11:59,141.54,140,63.9492896,0.0034,0.0003,0.377992942,10.99943184,15.75,0.56169628,15.55320183,-1.05,-0.196798171
25/10/2024 16:50,17/1/2025 11:59,141.54,140,63.94925196,0.0034,0.0003,0.377992942,10.99922099,15.75,0.561695999,15.55319977,-1.05,-0.196800232
25/10/2024 16:55,17/1/2025 11:59,141.54,140,63.94921407,0.0034,0.0003,0.377992942,10.99900873,15.75,0.561695717,15.55319769,-1.05,-0.196802307
25/10/2024 17:00,17/1/2025 11:59,141.54,140,63.94917643,0.0034,0.0003,0.377992942,10.99879787,15.75,0.561695436,15.55319563,-1.05,-0.196804369
25/10/2024 17:09,17/1/2025 11:59,141.54,140,63.94910821,0.0034,0.0003,0.377992942,10.99841563,15.75,0.561694928,15.55319189,-1.05,-0.196808106
25/10/2024 17:14,17/1/2025 11:59,141.54,140,63.9490707,0.0034,0.0003,0.377992942,10.99820547,15.75,0.561694648,15.55318984,-1.05,-0.19681016
25/10/2024 17:19,17/1/2025 11:59,141.54,140,63.9490327,0.0034,0.0003,0.377992942,10.99799248,15.75,0.561694365,15.55318776,-1.05,-0.196812242
25/10/2024 17:24,17/1/2025 11:59,141.54,140,63.94899482,0.0034,0.0003,0.377992942,10.99778019,15.75,0.561694083,15.55318568,-1.05,-0.196814318
25/10/2024 17:25,17/1/2025 11:59,141.54,140,63.94898777,0.0034,0.0003,0.377992942,10.9977407,15.75,0.56169403,15.5531853,-1.05,-0.196814704
25/10/2024 17:35,17/1/2025 11:59,141.54,140,63.94891214,0.0034,0.0003,0.377992942,10.99731681,15.75,0.561693467,15.55318115,-1.05,-0.196818847
25/10/2024 17:52,17/1/2025 11:59,141.54,140,63.94878218,0.0034,0.0003,0.377992942,10.99658819,15.75,0.561692498,15.55317403,-1.05,-0.19682597
25/10/2024 17:57,17/1/2025 11:59,141.54,140,63.94874494,0.0034,0.0003,0.377992942,10.9963794,15.75,0.561692221,15.55317199,-1.05,-0.19682801
25/10/2024 18:00,17/1/2025 11:59,141.54,140,63.94872381,0.0034,0.0003,0.377992942,10.9962609,15.75,0.561692063,15.55317083,-1.05,-0.196829169
25/10/2024 18:05,17/1/2025 11:59,141.54,140,63.94868557,0.0034,0.0003,0.377992942,10.99604645,15.75,0.561691778,15.55316874,-1.05,-0.196831265
25/10/2024 18:12,17/1/2025 11:59,141.54,140,63.94863174,0.0034,0.0003,0.377992942,10.99574454,15.75,0.561691377,15.55316578,-1.05,-0.196834215
25/10/2024 18:17,17/1/2025 11:59,141.54,140,63.94859375,0.0034,0.0003,0.377992942,10.9955315,15.75,0.561691094,15.5531637,-1.05,-0.196836297
25/10/2024 18:20,17/1/2025 11:59,141.54,140,63.9485725,0.0034,0.0003,0.377992942,10.99541228,15.75,0.561690936,15.55316254,-1.05,-0.196837463
25/10/2024 18:27,17/1/2025 11:59,141.54,140,63.9485188,0.0034,0.0003,0.377992942,10.99511104,15.75,0.561690535,15.55315959,-1.05,-0.196840407
25/10/2024 18:32,17/1/2025 11:59,141.54,140,63.94848095,0.0034,0.0003,0.377992942,10.9948987,15.75,0.561690253,15.55315752,-1.05,-0.196842482
25/10/2024 18:35,17/1/2025 11:59,141.54,140,63.94845919,0.0034,0.0003,0.377992942,10.99477665,15.75,0.561690091,15.55315633,-1.05,-0.196843675
25/10/2024 18:40,17/1/2025 11:59,141.54,140,63.94842147,0.0034,0.0003,0.377992942,10.994565,15.75,0.56168981,15.55315426,-1.05,-0.196845743
25/10/2024 18:47,17/1/2025 11:59,141.54,140,63.94836778,0.0034,0.0003,0.377992942,10.99426374,15.75,0.56168941,15.55315131,-1.05,-0.196848687
25/10/2024 18:52,17/1/2025 11:59,141.54,140,63.94832969,0.0034,0.0003,0.377992942,10.99404996,15.75,0.561689126,15.55314922,-1.05,-0.196850776
25/10/2024 18:57,17/1/2025 11:59,141.54,140,63.94829235,0.0034,0.0003,0.377992942,10.99384042,15.75,0.561688848,15.55314718,-1.05,-0.196852824
25/10/2024 19:00,17/1/2025 11:59,141.54,140,63.94827073,0.0034,0.0003,0.377992942,10.99371906,15.75,0.561688687,15.55314599,-1.05,-0.196854009
25/10/2024 19:07,17/1/2025 11:59,141.54,140,63.94821668,0.0034,0.0003,0.377992942,10.99341566,15.75,0.561688284,15.55314303,-1.05,-0.196856974
25/10/2024 19:12,17/1/2025 11:59,141.54,140,63.94817909,0.0034,0.0003,0.377992942,10.99320469,15.75,0.561688004,15.55314096,-1.05,-0.196859036
25/10/2024 19:15,17/1/2025 11:59,141.54,140,63.94815773,0.0034,0.0003,0.377992942,10.99308474,15.75,0.561687845,15.55313979,-1.05,-0.196860208
25/10/2024 19:22,17/1/2025 11:59,141.54,140,63.94810356,0.0034,0.0003,0.377992942,10.99278062,15.75,0.561687441,15.55313682,-1.05,-0.196863179
25/10/2024 19:25,17/1/2025 11:59,141.54,140,63.94808219,0.0034,0.0003,0.377992942,10.99266066,15.75,0.561687282,15.55313565,-1.05,-0.196864351
25/10/2024 19:32,17/1/2025 11:59,141.54,140,63.94802828,0.0034,0.0003,0.377992942,10.99235793,15.75,0.56168688,15.55313269,-1.05,-0.196867309
25/10/2024 19:35,17/1/2025 11:59,141.54,140,63.94800667,0.0034,0.0003,0.377992942,10.99223656,15.75,0.561686719,15.55313151,-1.05,-0.196868495
25/10/2024 19:42,17/1/2025 11:59,141.54,140,63.94795264,0.0034,0.0003,0.377992942,10.99193312,15.75,0.561686316,15.55312854,-1.05,-0.196871459
25/10/2024 19:45,17/1/2025 11:59,141.54,140,63.9479314,0.0034,0.0003,0.377992942,10.99181386,15.75,0.561686158,15.55312738,-1.05,-0.196872624
25/10/2024 19:52,17/1/2025 11:59,141.54,140,63.94787737,0.0034,0.0003,0.377992942,10.9915104,15.75,0.561685755,15.55312441,-1.05,-0.196875589
25/10/2024 19:57,17/1/2025 11:59,141.54,140,63.94784019,0.0034,0.0003,0.377992942,10.99130151,15.75,0.561685478,15.55312237,-1.05,-0.19687763
25/10/2024 20:00,17/1/2025 11:59,141.54,140,63.9478182,0.0034,0.0003,0.377992942,10.99117801,15.75,0.561685314,15.55312116,-1.05,-0.196878836
25/10/2024 20:07,17/1/2025 11:59,141.54,140,63.94776393,0.0034,0.0003,0.377992942,10.99087312,15.75,0.56168491,15.55311819,-1.05,-0.196881815
25/10/2024 20:10,17/1/2025 11:59,141.54,140,63.94774308,0.0034,0.0003,0.377992942,10.99075596,15.75,0.561684754,15.55311704,-1.05,-0.196882959
25/10/2024 20:15,17/1/2025 11:59,141.54,140,63.94770515,0.0034,0.0003,0.377992942,10.99054282,15.75,0.561684472,15.55311496,-1.05,-0.196885041
25/10/2024 20:22,17/1/2025 11:59,141.54,140,63.94765101,0.0034,0.0003,0.377992942,10.99023862,15.75,0.561684068,15.55311199,-1.05,-0.196888013
25/10/2024 20:27,17/1/2025 11:59,141.54,140,63.94761321,0.0034,0.0003,0.377992942,10.99002617,15.75,0.561683786,15.55310991,-1.05,-0.196890088
26/10/2024 1:38,17/1/2025 11:59,141.54,140,63.93581061,0.0034,0.0003,0.375437079,10.90866386,15.75,0.56159949,15.55298117,-1.05,-0.197018827
26/10/2024 1:52,17/1/2025 11:59,141.54,140,63.93570678,0.0034,0.0003,0.375437079,10.90806291,15.75,0.561598715,15.55297527,-1.05,-0.197024728
26/10/2024 1:55,17/1/2025 11:59,141.54,140,63.93568883,0.0034,0.0003,0.375437079,10.907959,15.75,0.56159858,15.55297425,-1.05,-0.197025748
26/10/2024 2:07,17/1/2025 11:59,141.54,140,63.93560223,0.0034,0.0003,0.375437079,10.90745771,15.75,0.561597934,15.55296933,-1.05,-0.19703067
30/10/2024 10:04,17/1/2025 11:59,139.43,140,58.51659001,0.0034,0.0003,0.336487741,8.486256611,13.7,0.522713963,14.36541791,1,0.665417906
31/10/2024 10:14,17/1/2025 11:59,133.98,140,46.6479563,0.0034,0.0003,0.371264928,6.70435955,12.25,0.434124752,11.51607803,2.45,-0.733921974
31/10/2024 10:25,17/1/2025 11:59,134.38,140,47.56638495,0.0034,0.0003,0.371264928,6.878914983,11.42,0.44095929,11.68972451,3.28,0.269724507
31/10/2024 10:39,17/1/2025 11:59,133.78,140,46.19233402,0.0034,0.0003,0.371264928,6.61686219,11.58,0.430688285,11.42514471,3.12,-0.154855293
31/10/2024 10:46,17/1/2025 11:59,133.8,140,46.23756237,0.0034,0.0003,0.371264928,6.625210137,11.4,0.431026299,11.43375649,3.3,0.033756486
31/10/2024 10:52,17/1/2025 11:59,133.08,140,44.59816406,0.0034,0.0003,0.371264928,6.319045367,11.75,0.418707392,11.12341561,2.95,-0.626584389
31/10/2024 10:57,17/1/2025 11:59,133.56,140,45.69418118,0.0034,0.0003,0.371264928,6.521800004,11.4,0.426913559,11.32439376,3.3,-0.075606235
31/10/2024 11:02,17/1/2025 11:59,133.24,140,44.96447987,0.0034,0.0003,0.371264928,6.385868138,11.23,0.421436955,11.18777999,3.47,-0.042220013
31/10/2024 11:07,17/1/2025 11:59,133.62,140,45.8325816,0.0034,0.0003,0.371264928,6.547047887,11.3,0.427933739,11.34792458,3.4,0.047924581
31/10/2024 11:10,17/1/2025 11:59,133.68,140,45.96956196,0.0034,0.0003,0.371264928,6.572639518,11.28,0.428958421,11.37359976,3.42,0.09359976
31/10/2024 11:15,17/1/2025 11:59,133.37,140,45.26185412,0.0034,0.0003,0.371264928,6.44028399,11.35,0.42365206,11.24062117,3.35,-0.109378832
31/10/2024 11:20,17/1/2025 11:59,133.54,140,45.64977925,0.0034,0.0003,0.371264928,6.512351048,11.05,0.426556985,11.31264056,3.65,0.262640559
31/10/2024 11:25,17/1/2025 11:59,133.54,140,45.64935509,0.0034,0.0003,0.371264928,6.512149395,11,0.426553798,11.31263908,3.7,0.312639082
31/10/2024 11:39,17/1/2025 11:59,133.37,140,45.26027108,0.0034,0.0003,0.371264928,6.439316655,11.25,0.423636439,11.24012078,3.45,-0.009879217
31/10/2024 11:42,17/1/2025 11:59,133.15,140,44.75893563,0.0034,0.0003,0.371264928,6.346404347,11.15,0.419871239,11.14691984,3.55,-0.003080156
31/10/2024 11:47,17/1/2025 11:59,133.13,140,44.71296146,0.0034,0.0003,0.371264928,6.337812679,11.09,0.419525895,11.13852099,3.61,0.048520991
31/10/2024 11:50,17/1/2025 11:59,132.71,140,43.75973779,0.0034,0.0003,0.371264928,6.163003251,11.12,0.412343132,10.96231927,3.58,-0.157680734
31/10/2024 11:55,17/1/2025 11:59,132.55,140,43.39689131,0.0034,0.0003,0.371264928,6.097050714,11.1,0.40960569,10.89634296,3.6,-0.203657036
31/10/2024 12:02,17/1/2025 11:59,132.97,140,44.35079801,0.0034,0.0003,0.371264928,6.270304027,11.19,0.416779524,11.06837533,3.51,-0.121624672
31/10/2024 12:07,17/1/2025 11:59,133.13,140,44.71464286,0.0034,0.0003,0.371264928,6.337008631,11.1,0.419512518,11.13505863,3.6,0.035058627
31/10/2024 12:10,17/1/2025 11:59,133.1,140,44.64609696,0.0034,0.0003,0.371264928,6.324318143,11,0.418997516,11.12247244,3.7,0.122472437
31/10/2024 12:15,17/1/2025 11:59,133.41,140,45.35316444,0.0034,0.0003,0.371264928,6.454828042,11,0.424297464,11.25236022,3.7,0.252360223
31/10/2024 12:22,17/1/2025 11:59,133.65,140,45.90143523,0.0034,0.0003,0.371264928,6.556863306,10.65,0.428399736,11.35418952,4.05,0.704189517
31/10/2024 12:25,17/1/2025 11:59,133.5,140,45.55851315,0.0034,0.0003,0.371264928,6.492680967,10.6,0.425831025,11.28992871,4.1,0.68992871
31/10/2024 12:30,17/1/2025 11:59,133.56,140,45.69522114,0.0034,0.0003,0.371264928,6.51805986,10.91,0.426854584,11.3154771,3.79,0.405477098
31/10/2024 12:35,17/1/2025 11:59,133.41,140,45.35235202,0.0034,0.0003,0.371264928,6.454023566,10.85,0.424284532,11.25144744,3.85,0.401447437
31/10/2024 12:40,17/1/2025 11:59,133.41,140,45.35192034,0.0034,0.0003,0.371264928,6.453821598,10.95,0.424281286,11.25144597,3.75,0.301445965
31/10/2024 12:45,17/1/2025 11:59,133.49,140,45.5342439,0.0034,0.0003,0.371264928,6.487618645,11.14,0.425647097,11.28538701,3.56,0.145387011
31/10/2024 12:52,17/1/2025 11:59,133.32,140,45.14577442,0.0034,0.0003,0.371264928,6.415213106,11.1,0.422733268,11.21302486,3.6,0.11302486
31/10/2024 12:57,17/1/2025 11:59,133.34,140,45.19098558,0.0034,0.0003,0.371264928,6.423475472,11.1,0.423072324,11.2214781,3.6,0.121478104
31/10/2024 13:00,17/1/2025 11:59,133.33,140,45.16792435,0.0034,0.0003,0.371264928,6.419131673,11.1,0.422899354,11.21724655,3.6,0.117246552
31/10/2024 13:07,17/1/2025 11:59,133.55,140,45.67012663,0.0034,0.0003,0.371264928,6.512291107,11.1,0.426659745,11.31028229,3.6,0.210282292
31/10/2024 13:10,17/1/2025 11:59,133.77,140,46.17362112,0.0034,0.0003,0.371264928,6.606457756,11.05,0.430423621,11.40414661,3.65,0.354146613
31/10/2024 13:17,17/1/2025 11:59,133.5,140,45.55604824,0.0034,0.0003,0.371264928,6.490577627,11.06,0.425797591,11.28793009,3.64,0.22793009
31/10/2024 13:22,17/1/2025 11:59,133.7,140,46.0133333,0.0034,0.0003,0.371264928,6.575878566,11.02,0.429217812,11.37308814,3.68,0.353088145
31/10/2024 13:27,17/1/2025 11:59,133.47,140,45.48744975,0.0034,0.0003,0.371264928,6.47740969,11.03,0.425277713,11.27436656,3.67,0.24436656
31/10/2024 13:30,17/1/2025 11:59,133.38,140,45.2817447,0.0034,0.0003,0.371264928,6.439088635,11.05,0.423735458,11.23609072,3.65,0.186090722
31/10/2024 13:35,17/1/2025 11:59,133.28,140,45.05321503,0.0034,0.0003,0.371264928,6.396601753,11.04,0.422020789,11.19371573,3.66,0.153715726
31/10/2024 13:42,17/1/2025 11:59,133.15,140,44.75637726,0.0034,0.0003,0.371264928,6.341596947,11.15,0.419791425,11.13885094,3.55,-0.01114906
31/10/2024 13:47,17/1/2025 11:59,133.07,140,44.57377774,0.0034,0.0003,0.371264928,6.307866822,11,0.418419207,11.10526617,3.7,0.105266169
31/10/2024 13:52,17/1/2025 11:59,133.09,140,44.61887525,0.0034,0.0003,0.371264928,6.316037659,11.06,0.418758046,11.11363311,3.64,0.053633106
31/10/2024 13:57,17/1/2025 11:59,132.96,140,44.32270169,0.0034,0.0003,0.371264928,6.261544487,11.12,0.416530496,11.05919312,3.58,-0.060806878
31/10/2024 14:00,17/1/2025 11:59,132.93,140,44.25422165,0.0034,0.0003,0.371264928,6.248941736,10.97,0.416015332,11.04669639,3.73,0.076696385
31/10/2024 14:05,17/1/2025 11:59,132.98,140,44.36752168,0.0034,0.0003,0.371264928,6.269564612,11,0.416867329,11.06749573,3.7,0.067495725
31/10/2024 14:12,17/1/2025 11:59,133.03,140,44.48068616,0.0034,0.0003,0.371264928,6.290143866,10.85,0.417717982,11.08833704,3.85,0.238337044
31/10/2024 14:15,17/1/2025 11:59,132.87,140,44.11671915,0.0034,0.0003,0.371264928,6.223413561,10.9,0.414978705,11.02150134,3.8,0.121501342
31/10/2024 14:20,17/1/2025 11:59,132.73,140,43.79843554,0.0034,0.0003,0.371264928,6.165284406,10.78,0.412580716,10.96340289,3.92,0.183402892
31/10/2024 14:27,17/1/2025 11:59,132.74,140,43.82048016,0.0034,0.0003,0.371264928,6.169126969,10.9,0.412746774,10.96752668,3.8,0.067526678
31/10/2024 14:32,17/1/2025 11:59,132.77,140,43.88814233,0.0034,0.0003,0.371264928,6.181317161,10.8,0.413256383,10.97990766,3.9,0.179907659
31/10/2024 14:35,17/1/2025 11:59,132.71,140,43.7516965,0.0034,0.0003,0.371264928,6.156438448,10.75,0.412228227,10.95511146,3.95,0.205111462
31/10/2024 14:40,17/1/2025 11:59,132.68,140,43.68316616,0.0034,0.0003,0.371264928,6.143881023,10.85,0.411711708,10.94274321,3.85,0.092743205
31/10/2024 14:47,17/1/2025 11:59,132.67,140,43.65981509,0.0034,0.0003,0.371264928,6.139479661,10.82,0.411535684,10.93862406,3.88,0.118624063
31/10/2024 14:50,17/1/2025 11:59,132.41,140,43.07101411,0.0034,0.0003,0.371264928,6.032950043,10.75,0.407088876,10.83162401,3.95,0.081624013
31/10/2024 14:57,17/1/2025 11:59,132.55,140,43.38753126,0.0034,0.0003,0.371264928,6.089821513,10.7,0.409476769,10.88861443,4,0.188614431
31/10/2024 15:00,17/1/2025 11:59,132.77,140,43.8867887,0.0034,0.0003,0.371264928,6.180207299,10.7,0.413237081,10.97869853,4,0.278698525
31/10/2024 15:05,17/1/2025 11:59,133.2,140,44.8664772,0.0034,0.0003,0.371264928,6.359281032,10.8,0.420592089,11.15638906,3.9,0.356389055
31/10/2024 15:10,17/1/2025 11:59,133.65,140,45.89582654,0.0034,0.0003,0.371264928,6.550079465,10.71,0.428293906,11.34565405,3.99,0.635654049
31/10/2024 15:17,17/1/2025 11:59,133.79,140,46.21600168,0.0034,0.0003,0.371264928,6.609916652,10.75,0.430687008,11.40561306,3.95,0.655613058
31/10/2024 15:22,17/1/2025 11:59,133.81,140,46.26142474,0.0034,0.0003,0.371264928,6.618332469,10.67,0.431026456,11.41422531,4.03,0.744225314
31/10/2024 15:27,17/1/2025 11:59,133.78,140,46.19227257,0.0034,0.0003,0.371264928,6.605206097,10.74,0.430509535,11.40129302,3.96,0.661293019
31/10/2024 15:30,17/1/2025 11:59,133.73,140,46.0775186,0.0034,0.0003,0.371264928,6.583587978,10.79,0.429651427,11.3797667,3.91,0.5897667
31/10/2024 15:35,17/1/2025 11:59,133.63,140,45.84823382,0.0034,0.0003,0.371264928,6.540506997,10.95,0.427935597,11.33680007,3.75,0.386800072
31/10/2024 15:42,17/1/2025 11:59,134.08,140,46.88105501,0.0034,0.0003,0.371264928,6.734519067,11.15,0.435638604,11.52936896,3.55,0.379368956
31/10/2024 15:45,17/1/2025 11:59,134.16,140,47.06465302,0.0034,0.0003,0.371264928,6.769310166,11.14,0.437007098,11.56421919,3.56,0.42421919
31/10/2024 15:50,17/1/2025 11:59,134.54,140,47.93975484,0.0034,0.0003,0.371264928,6.936401693,11.25,0.443511485,11.73028034,3.45,0.480280344
31/10/2024 16:00,17/1/2025 11:59,132.64,140,43.62365912,0.0034,0.0003,0.371264928,6.124246271,11.3,0.410971536,10.88760544,3.4,-0.412394558
31/10/2024 16:07,17/1/2025 11:59,132.76,140,43.89553748,0.0034,0.0003,0.371264928,6.173399716,11.2,0.413019415,10.93692,3.5,-0.26308
31/10/2024 16:10,17/1/2025 11:59,132.76,140,43.89527861,0.0034,0.0003,0.371264928,6.17328745,11.4,0.413017459,10.9369192,3.3,-0.4630808
31/10/2024 16:15,17/1/2025 11:59,132.76,140,43.89482213,0.0034,0.0003,0.371264928,6.173089487,11.4,0.41301401,10.93691779,3.3,-0.463082211
31/10/2024 16:22,17/1/2025 11:59,132.76,140,43.89416034,0.0034,0.0003,0.371264928,6.1728025,11.4,0.413009009,10.93691575,3.3,-0.463084255
31/10/2024 16:27,17/1/2025 11:59,132.76,140,43.8936992,0.0034,0.0003,0.371264928,6.172602534,11.05,0.413005525,10.93691432,3.65,-0.113085679
31/10/2024 16:30,17/1/2025 11:59,132.76,140,43.89344181,0.0034,0.0003,0.371264928,6.172490924,11.14,0.41300358,10.93691353,3.56,-0.203086474
31/10/2024 16:37,17/1/2025 11:59,132.76,140,43.89277531,0.0034,0.0003,0.371264928,6.172201926,10.9,0.412998545,10.93691147,3.8,0.036911467
31/10/2024 16:40,17/1/2025 11:59,132.76,140,43.89251942,0.0034,0.0003,0.371264928,6.172090976,10.9,0.412996611,10.93691068,3.8,0.036910677
31/10/2024 16:47,17/1/2025 11:59,132.76,140,43.89185285,0.0034,0.0003,0.371264928,6.171801967,10.9,0.412991575,10.93690862,3.8,0.036908618
31/10/2024 16:52,17/1/2025 11:59,132.76,140,43.89140078,0.0034,0.0003,0.371264928,6.171605967,10.9,0.412988159,10.93690722,3.8,0.036907222
31/10/2024 16:57,17/1/2025 11:59,132.76,140,43.89094255,0.0034,0.0003,0.371264928,6.171407306,10.9,0.412984697,10.93690581,3.8,0.036905807
31/10/2024 17:03,17/1/2025 11:59,132.76,140,43.89039234,0.0034,0.0003,0.371264928,6.171168774,10.9,0.41298054,10.93690411,3.8,0.036904109
31/10/2024 17:05,17/1/2025 11:59,132.76,140,43.89022527,0.0034,0.0003,0.371264928,6.17109635,10.9,0.412979277,10.93690359,3.8,0.036903593
31/10/2024 17:12,17/1/2025 11:59,132.76,140,43.88956005,0.0034,0.0003,0.371264928,6.170807976,10.9,0.412974251,10.93690154,3.8,0.036901539
31/10/2024 17:16,17/1/2025 11:59,132.76,140,43.88920443,0.0034,0.0003,0.371264928,6.170653819,10.9,0.412971564,10.93690044,3.8,0.036900441
31/10/2024 17:22,17/1/2025 11:59,132.76,140,43.88864337,0.0034,0.0003,0.371264928,6.170410618,10.9,0.412967325,10.93689871,3.8,0.03689871
31/10/2024 17:27,17/1/2025 11:59,132.76,140,43.88818652,0.0034,0.0003,0.371264928,6.170212598,10.9,0.412963873,10.9368973,3.8,0.0368973
31/10/2024 17:30,17/1/2025 11:59,132.76,140,43.88792589,0.0034,0.0003,0.371264928,6.170099631,10.9,0.412961904,10.9368965,3.8,0.036896495
31/10/2024 17:35,17/1/2025 11:59,132.76,140,43.88745981,0.0034,0.0003,0.371264928,6.169897617,10.9,0.412958383,10.93689506,3.8,0.036895057
31/10/2024 17:42,17/1/2025 11:59,132.76,140,43.88679896,0.0034,0.0003,0.371264928,6.169611202,10.9,0.412953389,10.93689302,3.8,0.036893017
31/10/2024 17:45,17/1/2025 11:59,132.76,140,43.88654136,0.0034,0.0003,0.371264928,6.169499558,10.9,0.412951443,10.93689222,3.8,0.036892222
31/10/2024 17:50,17/1/2025 11:59,132.76,140,43.8860798,0.0034,0.0003,0.371264928,6.169299525,10.9,0.412947956,10.9368908,3.8,0.036890798
31/10/2024 17:55,17/1/2025 11:59,132.76,140,43.88561974,0.0034,0.0003,0.371264928,6.169100153,10.9,0.41294448,10.93688938,3.8,0.036889379
31/10/2024 18:02,17/1/2025 11:59,132.76,140,43.88496182,0.0034,0.0003,0.371264928,6.168815044,10.9,0.412939509,10.93688735,3.8,0.036887349
31/10/2024 18:07,17/1/2025 11:59,132.76,140,43.88450017,0.0034,0.0003,0.371264928,6.168614998,10.9,0.412936021,10.93688592,3.8,0.036885925
31/10/2024 18:10,17/1/2025 11:59,132.76,140,43.88424556,0.0034,0.0003,0.371264928,6.168504671,10.9,0.412934097,10.93688514,3.8,0.036885139
31/10/2024 18:17,17/1/2025 11:59,132.76,140,43.88357987,0.0034,0.0003,0.371264928,6.168216222,10.9,0.412929067,10.93688309,3.8,0.036883086
31/10/2024 18:22,17/1/2025 11:59,132.76,140,43.88312121,0.0034,0.0003,0.371264928,6.168017493,10.9,0.412925602,10.93688167,3.8,0.036881671
31/10/2024 18:27,17/1/2025 11:59,132.76,140,43.88265946,0.0034,0.0003,0.371264928,6.16781743,10.9,0.412922113,10.93688025,3.8,0.036880247
31/10/2024 18:30,17/1/2025 11:59,132.76,140,43.88240172,0.0034,0.0003,0.371264928,6.167705766,10.9,0.412920166,10.93687945,3.8,0.036879452
31/10/2024 18:35,17/1/2025 11:59,132.76,140,43.8819384,0.0034,0.0003,0.371264928,6.167505032,10.9,0.412916665,10.93687802,3.8,0.036878024
31/10/2024 18:40,17/1/2025 11:59,132.76,140,43.88148118,0.0034,0.0003,0.371264928,6.167306953,10.9,0.41291321,10.93687661,3.8,0.036876614
31/10/2024 18:45,17/1/2025 11:59,132.76,140,43.88101781,0.0034,0.0003,0.371264928,6.167106212,10.9,0.412909709,10.93687519,3.8,0.036875185
31/10/2024 18:50,17/1/2025 11:59,132.76,140,43.88055441,0.0034,0.0003,0.371264928,6.166905466,10.9,0.412906208,10.93687376,3.8,0.036873756
31/10/2024 18:57,17/1/2025 11:59,132.76,140,43.87989301,0.0034,0.0003,0.371264928,6.166618964,10.9,0.412901211,10.93687172,3.8,0.036871717
31/10/2024 19:00,17/1/2025 11:59,132.76,140,43.87963366,0.0034,0.0003,0.371264928,6.166506621,10.9,0.412899251,10.93687092,3.8,0.036870918
31/10/2024 19:05,17/1/2025 11:59,132.76,140,43.87917786,0.0034,0.0003,0.371264928,6.166309187,10.9,0.412895807,10.93686951,3.8,0.036869513
31/10/2024 19:12,17/1/2025 11:59,132.76,140,43.87851482,0.0034,0.0003,0.371264928,6.166022003,10.9,0.412890798,10.93686747,3.8,0.036867469
31/10/2024 19:15,17/1/2025 11:59,132.76,140,43.87825696,0.0034,0.0003,0.371264928,6.165910319,10.9,0.412888849,10.93686667,3.8,0.036866674
31/10/2024 19:20,17/1/2025 11:59,132.76,140,43.87779801,0.0034,0.0003,0.371264928,6.165711543,10.9,0.412885382,10.93686526,3.8,0.03686526
31/10/2024 19:27,17/1/2025 11:59,132.76,140,43.87713794,0.0034,0.0003,0.371264928,6.165425671,10.9,0.412880394,10.93686323,3.8,0.036863226
31/10/2024 19:30,17/1/2025 11:59,132.76,140,43.87687696,0.0034,0.0003,0.371264928,6.16531265,10.9,0.412878423,10.93686242,3.8,0.036862421
31/10/2024 19:35,17/1/2025 11:59,132.76,140,43.8764164,0.0034,0.0003,0.371264928,6.165113198,10.9,0.412874943,10.936861,3.8,0.036861002
31/10/2024 19:42,17/1/2025 11:59,132.76,140,43.87575468,0.0034,0.0003,0.371264928,6.164826644,10.9,0.412869943,10.93685896,3.8,0.036858964
31/10/2024 19:47,17/1/2025 11:59,132.76,140,43.87529252,0.0034,0.0003,0.371264928,6.164626517,10.9,0.412866451,10.93685754,3.8,0.03685754
31/10/2024 19:50,17/1/2025 11:59,132.76,140,43.87503303,0.0034,0.0003,0.371264928,6.164514151,10.9,0.412864491,10.93685674,3.8,0.03685674
31/10/2024 19:55,17/1/2025 11:59,132.76,140,43.8745739,0.0034,0.0003,0.371264928,6.164315348,10.9,0.412861022,10.93685533,3.8,0.036855326
31/10/2024 20:00,17/1/2025 11:59,132.76,140,43.87411014,0.0034,0.0003,0.371264928,6.164114545,10.9,0.412857518,10.9368539,3.8,0.036853897
31/10/2024 20:05,17/1/2025 11:59,132.76,140,43.87364942,0.0034,0.0003,0.371264928,6.163915069,10.9,0.412854037,10.93685248,3.8,0.036852478
31/10/2024 20:10,17/1/2025 11:59,132.76,140,43.87318715,0.0034,0.0003,0.371264928,6.163714923,10.9,0.412850544,10.93685105,3.8,0.036851054
31/10/2024 20:15,17/1/2025 11:59,132.76,140,43.87272945,0.0034,0.0003,0.371264928,6.163516768,10.9,0.412847086,10.93684964,3.8,0.036849645
31/10/2024 20:20,17/1/2025 11:59,132.76,140,43.87226559,0.0034,0.0003,0.371264928,6.16331595,10.9,0.412843581,10.93684822,3.8,0.036848216
31/10/2024 20:27,17/1/2025 11:59,132.76,140,43.87160508,0.0034,0.0003,0.371264928,6.163030009,10.9,0.41283859,10.93684618,3.8,0.036846183
